{"accuracy": 0.9839374469632682, "precision": 0.9820269016697588, "recall": 0.9871779927730505, "f1": 0.9845957100505726, "roc_auc": 0.9983464410705425}